Iteration,ObjectiveFunctionValue
1,13.850482650555115
2,1.2769630982848097
3,1.2765567938325355
4,1.1829938944196854
5,1.174426534496608
6,0.8037523458874484
7,0.7885914070961668
8,0.6431187631226888
9,0.6073450523354337
10,0.6058921865551469
11,0.5369522693767902
12,0.4783624269118565
13,0.4541384688979074
14,0.3983732744850263
15,0.35583593195828445
16,0.35560409316227753
17,0.35452995056696956
18,0.328130432726955
19,0.30819593951509017
20,0.29874631155740033
21,0.2793523094596967
22,0.27632467177652587
23,0.261633114240295
24,0.2604303771450482
25,0.26017091873198567
26,0.2590550032338854
27,0.2581426299865102
28,0.2578775922812742
29,0.2572297403443378
30,0.2562221245098161
31,0.25287422596544806
32,0.24267453230685443
33,0.24148887210816186
34,0.2400920935510033
35,0.2400398423462837
36,0.24002795854327183
37,0.23775709472125994
38,0.23671329706222255
39,0.230158393177337
40,0.22748605082599266
41,0.21861232511269352
42,0.2177865399692942
43,0.2176437473048589
44,0.2135455475449899
45,0.21338537663520563
46,0.21290713202894065
47,0.21161231887304838
48,0.21150158144167666
49,0.2082683002150894
50,0.20779840120927495
51,0.20757917916794388
52,0.20690251625179704
53,0.20674851815363715
54,0.20551770491473612
55,0.20543351386521083
56,0.20528553671302308
57,0.20492437932215024
58,0.20470431915062662
59,0.2042398769170598
60,0.2042077624460207
61,0.20391524895368524
62,0.20376218711053914
63,0.2031831450040509
64,0.20264780773015958
65,0.20249087065889565
66,0.20248855919618847
67,0.20158180067185524
68,0.20139447027839844
69,0.20129772582893915
70,0.2011574492018331
71,0.2011218067533695
72,0.2009460541140375
73,0.200829361311524
74,0.20076602317634834
75,0.20075621694961296
76,0.198752801601953
77,0.19874420006714638
78,0.19859479737321442
79,0.1983618022397967
80,0.19835608164749555
81,0.19812123367433976
82,0.19794756782335543
83,0.19767376450244795
84,0.19764796502363718
85,0.1974692178079805
86,0.19737957718403223
87,0.19638007358831544
88,0.196349346140165
89,0.19623908439109078
90,0.19611250673156674
91,0.19543975427494714
92,0.19509298953747065
93,0.19507517303820776
94,0.19502807064029046
95,0.19486028570220762
96,0.19477042785034174
97,0.1946715424152572
98,0.1944707134462112
99,0.19425206172741658
100,0.19421724460689274
101,0.19372831644435323
102,0.1934305812900328
103,0.19342101265858722
104,0.19336677469929706
105,0.1933663619729681
106,0.19303043140150972
107,0.19290594262514563
108,0.19287575432660464
109,0.19266794952761068
110,0.19263785726265115
111,0.19217895577630048
112,0.1920885337630227
113,0.1915945350096842
114,0.19157316420949475
115,0.19150761669153954
116,0.19141365792627388
117,0.19132379275868006
118,0.1910164610714173
119,0.19090382244673795
120,0.19082685540663294
121,0.19027037220147328
122,0.18954272360412414
123,0.1895298807659384
124,0.18928658505228563
125,0.1892281256765066
126,0.1891652708107192
127,0.189142343730158
128,0.18732085467542686
129,0.18729044252195898
130,0.18676544779028662
131,0.1866555692934692
132,0.18645438842172143
133,0.18637849552377325
134,0.18635315907097505
135,0.18602971494190762
136,0.18593036657435752
137,0.18586853418875723
138,0.18556906916976576
139,0.1850110517669221
140,0.18489971470630867
141,0.18485687123394492
142,0.18477167720263715
143,0.18471541989032011
144,0.18469198795263422
145,0.18465942560234572
146,0.1845863941360302
147,0.18385843211818295
148,0.18354340874267092
149,0.18293250193817995
150,0.18282175158116262
151,0.1828123244916332
152,0.18274943922503656
153,0.18262903542078476
154,0.1826188962342506
155,0.18257766244407872
156,0.18239540361087225
157,0.1815320649594426
158,0.1812215061865474
159,0.18110361626928587
160,0.1808512279781521
161,0.18078314840935555
162,0.18057650600922248
163,0.1804774563594006
164,0.18030778009103646
165,0.18029123045727707
166,0.1800319473481271
167,0.17965327041135556
168,0.1790121092237438
169,0.1789853885441019
170,0.17872942097226027
171,0.17863054314807006
172,0.1785198749991883
173,0.17850757109540627
174,0.17850214247480087
175,0.1783941541909441
176,0.17728644706722047
177,0.1770475017915571
178,0.17658064724391032
179,0.17648555494284496
180,0.1758107650984304
181,0.17579058780100207
182,0.17573032106843492
183,0.1756837914892199
184,0.17540569438290685
185,0.17531619080359342
186,0.1751656494469309
187,0.17469977927587865
188,0.1744662930032404
189,0.17398604135088286
190,0.17389707595129522
191,0.17307272578048885
192,0.17307095097306557
193,0.17301348009127554
194,0.17288149273789177
195,0.1726460567014824
196,0.17252488128269644
197,0.1710884974448048
198,0.17105530307983138
199,0.1710315204688483
200,0.17100710009445907
201,0.1700265910277758
202,0.16985032520951474
203,0.16975195398902293
204,0.1696248452290241
205,0.1695926755512785
206,0.16957577316333122
207,0.16823030651176898
208,0.16822515805617716
209,0.1682159786721964
210,0.16812014070488387
211,0.1679994014142098
212,0.1678928070873024
213,0.1676127448138852
214,0.16723882580665206
215,0.166986433060471
216,0.16692101486235875
217,0.16657783780333985
218,0.16612818831323323
219,0.1661218443898346
220,0.16597814778623748
221,0.16563939241019812
222,0.16556164065670959
223,0.16535066411822152
224,0.16529222503730295
225,0.1651241427752092
226,0.16492569013531383
227,0.1640587656456218
228,0.16363555061175655
229,0.16360635289299458
230,0.16359351019482823
231,0.16358439587541249
232,0.16316968707257876
233,0.16278266136741731
234,0.16273301754973066
235,0.16261748210651036
236,0.16245703090287755
237,0.16245111936164952
238,0.1622309743523265
239,0.16168537993864063
240,0.16129723453892747
241,0.16121346015855317
242,0.16049760172868888
243,0.16015508690973201
244,0.15991038675597702
245,0.15989081042475384
246,0.15988761716468036
247,0.15982206288649695
248,0.15887988618715063
249,0.1582524063935778
250,0.15825165457440385
251,0.1580467987757982
252,0.15794822032536143
253,0.15778711718485638
254,0.15742714623414716
255,0.157387700844392
256,0.1569675567039983
257,0.15678172713422747
258,0.15656297238372627
259,0.15634418156316943
260,0.1562296226447461
261,0.1562270881206153
262,0.1561315797655994
263,0.15605788745407834
264,0.15533876084338955
265,0.15500053521706345
266,0.15460624695553088
267,0.15459468785095687
268,0.15458519130986842
269,0.15440207975645295
270,0.15369947383755345
271,0.1535309570226094
272,0.1535240158813409
273,0.1533522537668557
274,0.15334230158677573
275,0.15329649465234052
276,0.15272863397780337
277,0.1527204035962524
278,0.15271166000624387
279,0.15263341360921465
280,0.15254958872007346
281,0.1517856368737979
282,0.15177246101943032
283,0.15168037728943853
284,0.15165216944252752
285,0.15143832099191704
286,0.15101086285336734
287,0.1508358173428739
288,0.1507902834976667
289,0.15073605188887673
290,0.15068637659212683
291,0.15029482585498866
292,0.1502432243753807
293,0.15022939594473778
294,0.1500624589483598
295,0.14984123219977438
296,0.1497522412889381
297,0.14948774163352957
298,0.14948234701735075
299,0.14812606445572327
300,0.14802381179226218
301,0.14792118205553698
302,0.14790818919233745
303,0.1476555882594408
304,0.14763913879569351
305,0.1474894314150359
306,0.14737554167107117
307,0.14725091151349723
308,0.1471408185284992
309,0.1465243078874303
310,0.14640311892458027
311,0.14638592531551634
312,0.1463851676805376
313,0.14604529172717196
314,0.14599614712442943
315,0.14590821649252095
316,0.14589711281084075
317,0.14574269991067373
318,0.14534768384607005
319,0.1453289794099932
320,0.1445820712300639
321,0.14423864741420825
322,0.14414055030614129
323,0.14412333863854956
324,0.14408872109229265
325,0.14399335863362833
326,0.14393409506608212
327,0.14369794231984456
328,0.14355073312215216
329,0.14333802455960204
330,0.14332620023249798
331,0.14323265979483946
332,0.14294097922337468
333,0.14293747181229174
334,0.14292475060054455
335,0.14286538016178074
336,0.14282504632289197
337,0.14280369961175457
338,0.14255550455883176
339,0.14237623224646637
340,0.14236212300462864
341,0.14235843608575577
342,0.14224534369409625
343,0.14213225158048592
344,0.14202536530453702
345,0.14202014934665963
346,0.14189374920278777
347,0.14033047417117575
348,0.14031552811168055
349,0.1403055605360637
350,0.13972871508200818
351,0.13930582613302195
352,0.13928320920209572
353,0.1391863052715804
354,0.13909964750690718
355,0.13899486199366146
356,0.1382650371094868
357,0.13819908383142926
358,0.1379994226084435
359,0.13776252507094122
360,0.1375752245730038
361,0.1374596398594055
362,0.13742872952457366
363,0.13739330646094147
364,0.1373549894624911
365,0.13734916891501422
366,0.1359856112330032
367,0.13577841130772425
368,0.1357618048094551
369,0.1356059182816324
370,0.13558564119081337
371,0.13518044575935467
372,0.13502758572909465
373,0.1349568576923008
374,0.13480265503650266
375,0.13436666357923538
376,0.13429599524594976
377,0.13292137199192897
378,0.13286799071297925
379,0.13260625327942524
380,0.13243650991562986
381,0.13243347817675544
382,0.13242493724956517
383,0.13043610185900817
384,0.1253794835795361
385,0.1253196311439717
386,0.12529646500307096
387,0.1250900636369211
388,0.1245638020543023
389,0.12413300417907125
390,0.12410700802780003
391,0.12293335906746425
392,0.1202113394863451
393,0.11968129792235084
394,0.11920193724049878
395,0.11883986422573589
396,0.11841251452161193
397,0.11789999461912504
398,0.11789430358041877
399,0.11780154221031329
400,0.11762520427255092
401,0.11759766845796714
402,0.1173074460933652
403,0.11592947979572497
404,0.11459525345117415
405,0.11457203572702845
406,0.11438479478387344
407,0.11430883557195379
408,0.11384716559444726
409,0.11373468083141282
410,0.11327665851033038
411,0.11288154317242105
412,0.11287057534489785
413,0.11261410251795477
414,0.11045653422301768
415,0.11020542188217822
416,0.11004146007349606
417,0.1100396958937644
418,0.1100293550142808
419,0.10993023316085956
420,0.1098478870060388
421,0.1097284727556161
422,0.10837812832094573
423,0.1083663305847796
424,0.10835605693564365
425,0.10754790048946508
426,0.10754213295160275
427,0.10736897439366389
428,0.10736486173704479
429,0.10733880702923625
430,0.10558733147686342
431,0.10544646080890038
432,0.1054379739661301
433,0.10481248911874493
434,0.1048008026620633
435,0.10470410391495703
436,0.10333054136623188
437,0.10297513577266548
438,0.10281596134473389
439,0.10269597236524905
440,0.10262213630212634
441,0.10185154042654608
442,0.10159096092888946
443,0.10152251711606688
444,0.1010251163970009
445,0.10079957509714406
446,0.10052878272151762
447,0.10020452657419551
448,0.10011488060880049
449,0.09941548612544722
450,0.09904890905287289
451,0.0987378118234476
452,0.09844198265798078
453,0.0979636838241131
454,0.09768582744139753
455,0.09758714500832395
456,0.09747585781195771
457,0.09723274564372845
458,0.09706073132091864
459,0.09686504466401007
460,0.09681413942050326
461,0.0965222527070117
462,0.09632726124178782
463,0.09631894036019253
464,0.09607481896425092
465,0.09588399826601234
466,0.09574905667352254
467,0.09564233753799797
468,0.09489954360141997
469,0.09471804167046946
470,0.09455726351855415
471,0.09447803029371137
472,0.09423005172351456
473,0.09413422085164001
474,0.09411922536944432
475,0.0940709220962307
476,0.09343819050577967
477,0.09264575488865094
478,0.0920528481909054
479,0.09200878424051859
480,0.09198991538039603
481,0.09196971746570586
482,0.0918085740567946
483,0.09150384664926403
484,0.0913796048661198
485,0.09125722495656324
486,0.09124515587282035
487,0.09122242580070444
488,0.09117168686696267
489,0.0891336136392775
490,0.08900882654727071
491,0.08899744104382915
492,0.08897007131245442
493,0.08885743239858271
494,0.08867810833327691
495,0.08619028213076999
496,0.08617052792816779
497,0.08582395877808478
498,0.08576123647322378
499,0.08571180781449708
500,0.08557196505944109
501,0.08530428403643019
502,0.08496500872397407
503,0.08496396452163654
504,0.08464305391822563
505,0.08432476194997039
506,0.08418724448384357
507,0.08415394133433846
508,0.08399119557138814
509,0.08320689570690654
510,0.08252716444026446
511,0.08240627053050208
512,0.082345251378191
513,0.08227681345582184
514,0.08227523320345925
515,0.08184355731278867
516,0.08157104429152096
517,0.08148840428705295
518,0.08146928853656893
519,0.08107886222855305
520,0.08047286388229992
521,0.0800371475666145
522,0.08003003700643758
523,0.08002868699090798
524,0.08002416068529894
525,0.07992590671419224
526,0.07977330544161208
527,0.07879816369893289
528,0.07869355733587409
529,0.07867533725021407
530,0.07841811488308731
531,0.07713809901470238
532,0.07700264066006088
533,0.0769762047871622
534,0.07673336700826551
535,0.07644809871112908
536,0.07632992034353815
537,0.07547346074112206
538,0.07536569032571519
539,0.07522659983312963
540,0.07500592910450293
541,0.07472566305126276
542,0.07462966728028043
543,0.0746264132172521
544,0.07420097774541569
545,0.07398528188943099
546,0.07365147718124834
547,0.07311885561485974
548,0.07306621907102076
549,0.07303301305288787
550,0.07285876416805624
551,0.07222011554737312
552,0.07210535813932105
553,0.07188774766649396
554,0.07169086819571491
555,0.07081945141547469
556,0.06972551482823006
557,0.06969450989842374
558,0.06952068867463203
559,0.06949683109817142
560,0.0688050825995066
561,0.0687505712854926
562,0.06851314800098776
563,0.06846684795608095
564,0.06846115619880629
565,0.06839862924811932
566,0.06798271422806001
567,0.06619597774841865
568,0.06611494304268951
569,0.06593041393203611
570,0.06573364623737221
571,0.06572669609443293
572,0.06535075764963738
573,0.06504194418322215
574,0.06503844191592868
575,0.06384755283734883
576,0.06384529398756775
577,0.06325343747411978
578,0.06323155779970123
579,0.06311183399251329
580,0.06285705068897414
581,0.06226198813820992
582,0.062124690412337744
583,0.06205886624945137
584,0.06197077541573173
585,0.06189545912946054
586,0.060488131865881076
587,0.060484452229130084
588,0.06015124861845626
589,0.060093067161935146
590,0.059566119499050676
591,0.05934702920708705
592,0.05908172468140804
593,0.05903729289343683
594,0.058183840198545306
595,0.058126729037729974
596,0.05811474029050154
597,0.05750522163612934
598,0.05750464216199613
599,0.05743311116522784
600,0.0573921337319733
601,0.05732356012738499
602,0.056122876379338216
603,0.05350996329592128
604,0.0530849957380696
605,0.05289555905468751
606,0.05288334843126899
607,0.052590794628386006
608,0.05208702851611405
609,0.05119396525108233
610,0.05112887521192294
611,0.05111051016532786
612,0.05015053545532036
613,0.0490261360009204
614,0.04902444774401238
615,0.04894966214722021
616,0.04889998194250483
617,0.048895697313397074
618,0.048230912965219225
619,0.04812816310053025
620,0.047537819798395525
621,0.04700891569470683
622,0.046576096171980774
623,0.046551077999664625
624,0.046372125034745026
625,0.046217713620546386
626,0.04613971395505129
627,0.04611737535311575
628,0.045939079043954084
629,0.045204985487636934
630,0.04515230888703883
631,0.04462034931341394
632,0.043929586594150805
633,0.04301547841490996
634,0.042993079513276605
635,0.04286400079876121
636,0.04278704037299133
637,0.04265756988638711
638,0.04248822997228266
639,0.04237181151472105
640,0.04228453994490444
641,0.0419840182890753
642,0.0408660952820841
643,0.04081081640339751
644,0.04067752706996436
645,0.039579795210578944
646,0.039500072944815806
647,0.03928400385601083
648,0.039242166550390284
649,0.039117354301684726
650,0.03889030371746957
651,0.03888341818109475
652,0.038850632410805275
653,0.03852723639072381
654,0.038523174156262385
655,0.03849897136635752
656,0.037768778409153325
657,0.03776837053434892
658,0.0377628453438944
659,0.03771871717470224
660,0.037639467096377305
661,0.034947321307508356
662,0.03477842636034861
663,0.03447630657527595
664,0.03363361354125363
665,0.03114946240965899
666,0.031138795091437993
667,0.030985804569766573
668,0.030926833803562537
669,0.030658879936410505
670,0.03065051933363741
671,0.029933068220926617
672,0.029725766402661197
673,0.029125029353066628
674,0.029102847899597384
675,0.029086442844211052
676,0.0270916704440351
677,0.027069870701987686
678,0.02706131564238845
679,0.026810724465153146
680,0.026696633271557912
681,0.026673738566452193
682,0.0264106080073139
683,0.025431682276787743
684,0.025406948947641256
685,0.025094361646452984
686,0.025026340159795046
687,0.024858328962988924
688,0.02480197140093876
689,0.02415341217716946
690,0.023907687615451118
691,0.023904303799484522
692,0.023756052847969972
693,0.02270460524537854
694,0.022688295338958386
695,0.02265659440098286
696,0.02251747873588761
697,0.0221285108003432
698,0.021987593120859794
699,0.0216987305507233
700,0.021386678187228364
701,0.02137141560397321
702,0.02117113010804314
703,0.02084392096265475
704,0.018976483854710735
705,0.018658501536302413
706,0.018652106604184926
707,0.01860505549285027
708,0.018190321442342894
709,0.017555106743922577
710,0.017294524550511114
711,0.01706468444488113
712,0.017003842081444814
713,0.016734379898866086
714,0.016433723609309975
715,0.016397109545438604
716,0.016255448549489238
717,0.016248998656809177
718,0.01571603984587877
719,0.015562791499430045
720,0.014938252868409163
721,0.014540531040701687
722,0.013828735608368087
723,0.01369899112201331
724,0.013564363998036205
725,0.013557542190694966
726,0.013438643337515627
727,0.01304173698999389
728,0.01269232593795222
729,0.012569089457900973
730,0.01202984383552863
731,0.010876950864832924
732,0.010738315243474073
733,0.009459469119711267
734,0.009422353537118955
735,0.009375765369222883
736,0.009258334479374214
737,0.00887761649167318
738,0.007934079043509373
739,0.00791015737089576
740,0.0077267508445068855
741,0.006790085690893455
742,0.006569470706976499
743,0.006455067625642741
744,0.00639974908029195
745,0.005784482459254031
746,0.005699271478289553
747,0.005517077277881283
748,0.005506055232247592
749,0.005146062990514622
750,0.005142643576189904
751,0.002762666826528315
752,0.002715992384495186
753,0.0022504470874986637
754,0.0019228483116159045
755,0.0018586077897878028
756,0.0016282135222629446
757,0.0009983035935088036
758,0.0004945983727974723
759,0.0003888200999460911
760,-1.6927605499261755e-6
761,-0.0002019702958250269
762,-0.0005401143340305614
763,-0.0006842343241804938
764,-0.0017528487672595072
765,-0.0019648089731258145
766,-0.0022002831647859322
767,-0.0022145870441649673
768,-0.0022441688966801376
769,-0.0023238609334941818
770,-0.0024701713421157456
771,-0.0026453219495904123
772,-0.003396472492522784
773,-0.004869641292080895
774,-0.00491075761745538
775,-0.005053218508503682
776,-0.005059551487421432
777,-0.005077195800833795
778,-0.005359106967483845
779,-0.005485248858997427
780,-0.005902634761365988
781,-0.005917350798904181
782,-0.006607339620821023
783,-0.007617434897050496
784,-0.008148524409422514
785,-0.008513296864125636
786,-0.00885218380132996
787,-0.008973171744631747
788,-0.008980057320239931
789,-0.009005243568868337
790,-0.009234754620186553
791,-0.009642576748381287
792,-0.009703445293839957
793,-0.011534465841663344
794,-0.01185352220150232
795,-0.011875383344858548
796,-0.011896336906315197
797,-0.011975142026922236
798,-0.011986099026864844
799,-0.012001823064011846
800,-0.012027408761683095
801,-0.012034832145219415
802,-0.013443316711999637
803,-0.013502390433137751
804,-0.01356846533159406
805,-0.01357564095908459
806,-0.013583366098799926
807,-0.013586664101285617
808,-0.013609891498581828
809,-0.013892820422883284
810,-0.013914398896685748
811,-0.014171144716311812
812,-0.014426221273495132
813,-0.016155194827953967
814,-0.016161859389388855
815,-0.016331816177957814
816,-0.016336442470595014
817,-0.016341258020898808
818,-0.016347258096790468
819,-0.016578946787014964
820,-0.016627502231107427
821,-0.017602223934861466
822,-0.017635853552367298
823,-0.017956571356642387
824,-0.018819391550533915
825,-0.018831761544853304
826,-0.01904609636614457
827,-0.019046964200057637
828,-0.01907099561348735
829,-0.019520342748254815
830,-0.019529564164199653
831,-0.020049892256306295
832,-0.020127329375213887
833,-0.0204246442300256
834,-0.021560474869165985
835,-0.021963907221666717
836,-0.022134329356078924
837,-0.022332351680690476
838,-0.02263181320305052
839,-0.02275234862821518
840,-0.023369678764079915
841,-0.02362845220037657
842,-0.024851350104283743
843,-0.024856900484129058
844,-0.02519911796943433
845,-0.025540496394272777
846,-0.025607894344021026
847,-0.025807489893219654
848,-0.025861432203725054
849,-0.026159111049802564
850,-0.026337086128995796
851,-0.02634162871256543
852,-0.02854259461418837
853,-0.028546725780096316
854,-0.028617432702288115
855,-0.0286220228222748
856,-0.028643379945202885
857,-0.02867200041502771
858,-0.029006335345423795
859,-0.02903841341228644
860,-0.029307775881621756
861,-0.02931345362486304
862,-0.03139922558231728
863,-0.031814828700524295
864,-0.03198186103208481
865,-0.03198460662845387
866,-0.03201669523897871
867,-0.03208719358555834
868,-0.03297932009840798
869,-0.03331898287595825
870,-0.03342253409630824
871,-0.03425101312161152
872,-0.03425439267221633
873,-0.03427886128061022
874,-0.03448565680987645
875,-0.03461080189631632
876,-0.034645593069035946
877,-0.03470246335594168
878,-0.03479022389132022
879,-0.03504397674736223
880,-0.0354432286248014
881,-0.036411709187072094
882,-0.036671369847298685
883,-0.03667158207281093
884,-0.03694653042746793
885,-0.0370398855005829
886,-0.037299978860268534
887,-0.037473609850344175
888,-0.03750815579256883
889,-0.037588036379404416
890,-0.03761019280653832
891,-0.0390315348686838
892,-0.03932362839173886
893,-0.03961657992364853
894,-0.03966760493031066
895,-0.03968602672193777
896,-0.039877803102304155
897,-0.04086543088729008
898,-0.04095962287879901
899,-0.04119035546678115
900,-0.04240760072504515
901,-0.04243672455036809
902,-0.042980800510081574
903,-0.04325646280160117
904,-0.04325865298952669
905,-0.043587593032317434
906,-0.04360414203867255
907,-0.04367183072533523
908,-0.043819572474318724
909,-0.04410234021025816
910,-0.04448337036931979
911,-0.04491030557339981
912,-0.045784154369838403
913,-0.045947217365733733
914,-0.04596439761788526
915,-0.04603730950713708
916,-0.04621747009088045
917,-0.046333538187410206
918,-0.04640723128231186
919,-0.04641760871512102
920,-0.04652130986459188
921,-0.04653198892689145
922,-0.0483615360848311
923,-0.04843838594669678
924,-0.04893158362010647
925,-0.04904844258822047
926,-0.04911945588277847
927,-0.049498761022234716
928,-0.0495863555052973
929,-0.04968990152397895
930,-0.049709345296555824
931,-0.04973530792304559
932,-0.050091004424613755
933,-0.05026950840078498
934,-0.050281554336664064
935,-0.05033240655679755
936,-0.0503366317767705
937,-0.0503706212995606
938,-0.05041400622996786
939,-0.0504316346910976
940,-0.05050819124348413
941,-0.050512956459763364
942,-0.052751879616865366
943,-0.053406728061992065
944,-0.05442908491446463
945,-0.05443238340660825
946,-0.05452406630846324
947,-0.05458542338144315
948,-0.054623042645599806
949,-0.05515047911990634
950,-0.05545842760289771
951,-0.05594214135323275
952,-0.05710629026634767
953,-0.0575686668186412
954,-0.057572846221111945
955,-0.057899349887075124
956,-0.057918354032821195
957,-0.057924267503623394
958,-0.05810198158568189
959,-0.05826552323526468
960,-0.058869439467755136
961,-0.059413225450960394
962,-0.05984863320562195
963,-0.06094169189763943
964,-0.06152788306840895
965,-0.06161945323199014
966,-0.061628888429542394
967,-0.0616594125344935
968,-0.06195089515128732
969,-0.06217104793816389
970,-0.062276798524689814
971,-0.06441127629874557
972,-0.06453937904869239
973,-0.06479024219411339
974,-0.06521346058672306
975,-0.06556101376323056
976,-0.06566846101019613
977,-0.06571613269154572
978,-0.06572449207809605
979,-0.06599854849179462
980,-0.06607219658413094
981,-0.06806078314108566
982,-0.06846738218751885
983,-0.06857877496506251
984,-0.06857990423692459
985,-0.06982271540012361
986,-0.06986027272141743
987,-0.06986104505427404
988,-0.07011286017062127
989,-0.07011593218575796
990,-0.070664769148543
991,-0.0723675985721596
992,-0.07359402404027723
993,-0.0738705043489685
994,-0.07398740401767379
995,-0.07407820625691447
996,-0.07412856783126387
997,-0.07415335994006172
998,-0.07421585417906651
999,-0.07434561697587505
1000,-0.07452005674707407
1001,-0.0745353125104298
1002,0.18317834401274227
1003,0.18303956126314572
1004,0.18297450042614086
1005,0.18296299128310928
1006,0.18295841642741226
1007,0.18294512095313542
1008,0.18294405052775717
1009,0.18288786908730692
1010,0.18288786976268057
1011,0.18288787919239058
1012,0.18288789034832964
1013,0.1828879221518835
1014,0.18288792216832236
1015,0.18288792227517173
1016,0.18288792225512507
1017,0.18288792228145
1018,0.18288792853835273
1019,0.18288791806653637
1020,0.18288790624102005
1021,0.18288791420247294
1022,0.18288792296282574
1023,0.18288793057578157
1024,0.18288793379448046
1025,0.1828879339517461
1026,0.18288793602004824
1027,0.18288793599664746
1028,0.18288793717081323
1029,0.18288793251769714
1030,0.18288793839539047
1031,0.18288794396601102
1032,0.18288794679726553
1033,0.1828879477724887
1034,0.18288795195590687
1035,0.18288795170687255
1036,0.1828879516760126
1037,0.1828879510664852
1038,0.18288794777071227
1039,0.18288796608062852
1040,0.18288795678320816
1041,0.18288795683506912
1042,0.182887961159849
1043,0.18288796409645122
1044,0.18288796800310225
1045,0.18288796808756558
1046,0.18288796809349206
1047,0.18288796809783212
1048,0.18288796805886187
1049,0.18288797343524055
1050,0.18288797886318117
1051,0.18288797880171676
1052,0.18288797431448717
1053,0.1828879837680018
1054,0.18288798815187593
1055,0.18288799040526377
1056,0.1828879944061953
1057,0.18288800743265987
1058,0.18288800724413626
1059,0.18288800634953242
1060,0.18288799691416924
1061,0.18288799941913458
1062,0.18288799943299605
1063,0.18288800622376597
1064,0.18288800903122976
1065,0.18288800808598069
1066,0.18288800913584566
1067,0.18288801233562585
1068,0.18288801338250382
1069,0.18288801335806756
1070,0.18288801294512336
1071,0.1828880154919115
1072,0.18288801543776392
1073,0.18288801617509012
1074,0.18288802082997282
1075,0.18288802560777803
1076,0.18288803221830194
1077,0.18288803211157484
1078,0.18288802881931257
1079,0.18288802916261657
1080,0.18288803090559136
1081,0.18288803086254082
1082,0.1828880351335558
1083,0.1828880351343915
1084,0.18288803488432284
1085,0.18288803759878947
1086,0.18288803977841597
1087,0.18288804813713733
1088,0.18288805135172462
1089,0.1828880522077328
1090,0.18288805191866053
1091,0.1828880521090219
1092,0.18288804612428877
1093,0.1828880522927861
1094,0.1828880522944845
1095,0.1828880541224638
1096,0.18288806185939885
1097,0.1828880626026917
1098,0.1828880636558017
1099,0.1828880659016298
1100,0.1828880775956094
1101,0.18288807812505198
1102,0.18288807163022694
1103,0.18288806986144598
1104,0.1828880735385229
1105,0.18288807354693917
1106,0.18288807568333365
1107,0.18288807870369309
1108,0.182888078683922
1109,0.1828880788573088
1110,0.18288808437648324
1111,0.18288808949690596
1112,0.1828880932502251
1113,0.18288809292329336
1114,0.1828880918623315
1115,0.18288809664554295
1116,0.18288809693180927
1117,0.1828881043768803
1118,0.18288810608250597
1119,0.1828881065317364
1120,0.18288810717987264
1121,0.18288810853730902
1122,0.18288811148084727
1123,0.18288811316279607
1124,0.18288811309901962
1125,0.182888113090122
1126,0.18288811674967662
1127,0.1828881175408724
1128,0.1828881221957687
1129,0.18288812819209035
1130,0.18288813016153813
1131,0.18288813012324173
1132,0.18288813075660296
1133,0.18288813000691706
1134,0.18288813046290023
1135,0.18288813263786427
1136,0.18288813433797554
1137,0.1828881366335716
1138,0.18288814149364135
1139,0.18288814663781797
1140,0.1828881497715618
1141,0.18288815070437292
1142,0.1828881507136998
1143,0.18288815521584584
1144,0.18288815497153846
1145,0.1828881554223234
1146,0.18288815461624194
1147,0.18288816018854145
1148,0.1828881653379807
1149,0.1828881653691274
1150,0.18288816662672663
1151,0.18288816812204722
1152,0.1828881708563787
1153,0.18288817115475287
1154,0.182888171486824
1155,0.18288817327616327
1156,0.18288817701515034
1157,0.18288817636089372
1158,0.18288818046622876
1159,0.18288818621412775
1160,0.18288818583651462
1161,0.182888176142214
1162,0.18288769438801378
1163,0.1828874500802945
1164,0.1828874382947287
1165,0.18288742677612163
1166,0.18288733430266463
1167,0.18288723158362405
1168,0.18288691296657228
1169,0.1828868598793393
1170,0.182886825715946
1171,0.18288680922594952
1172,0.18288653943280564
1173,0.18288647116699844
1174,0.18288604712167428
1175,0.18288604661822452
1176,0.1828859549786164
1177,0.18288559585883543
1178,0.1828855922983286
1179,0.18288544731721718
1180,0.18288544766883527
1181,0.18288529580660964
1182,0.18288512351750416
1183,0.1828850702090078
1184,0.18288459502034335
1185,0.18288451549413046
1186,0.1828844833186393
1187,0.18288405714013728
1188,0.18288403899468694
1189,0.1828840157247386
1190,0.18288350630667632
1191,0.1828833066467593
1192,0.1828832681200536
1193,0.1828826538010841
1194,0.18288259532156306
1195,0.18288250498370287
1196,0.18288230732773947
1197,0.18288200532507795
1198,0.18288197876514495
1199,0.1828819404501861
1200,0.1828819283839627
1201,0.18288180269683524
1202,0.18288138859019912
1203,0.18288136346283365
1204,0.18288135907067202
1205,0.18288135330219046
1206,0.1828812684633208
1207,0.18288088329399066
1208,0.18288080213063707
1209,0.1828807997832292
1210,0.18288078341012215
1211,0.18288050073375825
1212,0.18288006716949848
1213,0.18287972181201456
1214,0.18287970084426675
1215,0.1828795649289847
1216,0.18287929177530726
1217,0.18287925803694088
1218,0.1828792496833032
1219,0.1828792008020155
1220,0.18287920261148555
1221,0.1828790434927141
1222,0.18287880935470321
1223,0.18287872015498335
1224,0.18287848014156277
1225,0.18287842092309026
1226,0.18287784891684788
1227,0.18287784692505757
1228,0.1828778338902002
1229,0.18287773347517428
1230,0.18287766321718754
1231,0.1828776452131437
1232,0.18287752649733519
1233,0.18287750572463152
1234,0.18287750208676973
1235,0.18287740459241963
1236,0.18287737942557106
1237,0.18287721953293976
1238,0.1828767600778611
1239,0.18287675875198442
1240,0.1828767273100815
1241,0.18287669102096563
1242,0.18287641241558783
1243,0.18287616931132847
1244,0.18287616235747983
1245,0.18287607293356653
1246,0.1828760258216978
1247,0.18287600596537815
1248,0.18287543953342383
1249,0.1828753852180002
1250,0.18287530624172615
1251,0.18287512725755725
1252,0.18287481974719813
1253,0.18287466121029083
1254,0.1828746545125351
1255,0.18287465299545763
1256,0.18287464356792676
1257,0.1828743676367912
1258,0.18287435769429808
1259,0.18287302513235326
1260,0.18287301138692677
1261,0.1828730058737609
1262,0.1828676371614643
1263,0.1828650077462104
1264,0.1828601209526813
1265,0.18286007805806812
1266,0.18282264374158091
1267,0.18282224775720227
1268,0.18281197474968577
1269,0.1828017216577881
1270,0.18273773729734724
1271,0.18273622424815697
1272,0.18272654177711664
1273,0.18272501592770243
1274,0.1827185141978956
1275,0.1827184492892703
1276,0.18271795547639585
1277,0.18271774919464243
1278,0.1827177242471044
1279,0.18271741407482042
1280,0.18271663378117567
1281,0.18271663369681168
1282,0.1827166298413938
1283,0.18271643623314604
1284,0.18271643436353463
1285,0.18271643566858295
1286,0.18271644170755746
1287,0.18271644420074734
1288,0.18271644364444362
1289,0.18271644544674823
1290,0.18271644843175835
1291,0.182716448436974
1292,0.1827164544336131
1293,0.18271645291917385
1294,0.18271645288654162
1295,0.18271645579232657
1296,0.1827164556698779
1297,0.18271645667178454
1298,0.1827164589110477
1299,0.1827164591714287
1300,0.18271646193430674
1301,0.18271646155050422
1302,0.18271646157277296
1303,0.18271646481998988
1304,0.1827164677568247
1305,0.18271646914459938
1306,0.1827164699640638
1307,0.18271647443846886
1308,0.18271647490496185
1309,0.18271647484234438
1310,0.182716474815906
1311,0.1827164776105825
1312,0.18271647758960044
1313,0.18271647762572527
1314,0.18271647766036084
1315,0.18271648173892552
1316,0.18271648456924158
1317,0.1827164851804991
1318,0.1827164873126974
1319,0.18271648787150754
1320,0.18271648790353642
1321,0.18271648991727343
1322,0.18271649350921865
1323,0.1827164940485881
1324,0.18271649765321302
1325,0.18271649703769258
1326,0.1827164972931826
1327,0.18271649899567033
1328,0.18271650117015908
1329,0.18271650216337024
1330,0.18271650252636198
1331,0.18271650496991404
1332,0.18271650501309258
1333,0.1827165073000345
1334,0.18271650730607125
1335,0.1827165100415807
1336,0.1827165093665717
1337,0.18271650946215545
1338,0.18271651356584165
1339,0.18271651809191258
1340,0.18271651829262983
1341,0.18271651824244725
1342,0.18271651757886448
1343,0.18271652044573167
1344,0.18271652114478984
1345,0.1827165238897293
1346,0.1827165238794662
1347,0.18271652425429774
1348,0.18271652406175656
1349,0.18271652685288106
1350,0.18271652753994727
1351,0.18271652985253897
1352,0.18271653207940947
1353,0.18271653580461258
1354,0.1827165380618612
1355,0.1827165395266647
1356,0.18271653945509977
1357,0.18271653945728963
1358,0.18271654015665462
1359,0.18271654036108764
1360,0.18271654494961911
1361,0.1827165457881575
1362,0.1827165462907123
1363,0.18271654682413224
1364,0.18271655084221164
1365,0.18271655086209979
1366,0.18271655649568283
1367,0.18271655639445378
1368,0.18271655640190557
1369,0.18271655641306897
1370,0.18271655897197345
1371,0.18271655906262615
1372,0.18271656152515503
1373,0.18271656398488867
1374,0.1827165654813559
1375,0.18271656412077414
1376,0.18271656423367866
1377,0.18271656599891123
1378,0.1827165666245262
1379,0.18271656667186706
1380,0.18271656998941277
1381,0.18271657091990906
1382,0.18271657637350067
1383,0.18271657557501061
1384,0.1827165750425045
1385,0.18271657531491187
1386,0.1827165754266067
1387,0.1827165754450044
1388,0.18271657656375867
1389,0.1827165786051711
1390,0.18271658074248082
1391,0.18271658174484778
1392,0.18271658275689925
1393,0.1827165861335532
1394,0.1827165870349271
1395,0.18271658749206018
1396,0.18271658830230006
1397,0.18271658780235678
1398,0.18271658794783965
1399,0.18271659495073325
1400,0.18271659519088132
1401,0.182716593355181
1402,0.18271659892795217
1403,0.18271659988878597
1404,0.18271660041845764
1405,0.18271660051878758
1406,0.18271660673991028
1407,0.1827166078473832
1408,0.18271660791693742
1409,0.18271660592467456
1410,0.18271660615193322
1411,0.18271660717382995
1412,0.18271661190896762
1413,0.18271661358991384
1414,0.18271661283258867
1415,0.1827166137769177
1416,0.1827166139284799
1417,0.1827166179110004
1418,0.18271661810308001
1419,0.18271661805129508
1420,0.18271661802929537
1421,0.18271661854500099
1422,0.18271661905711073
1423,0.18271662051481324
1424,0.18271662301308464
1425,0.18271662280831313
1426,0.18271662380083828
1427,0.18271662700037425
1428,0.18271662911701209
1429,0.18271662915572928
1430,0.1827166347185893
1431,0.1827166355424122
1432,0.18271663557652987
1433,0.18271663556481008
1434,0.18271663554853212
1435,0.18271663600755805
1436,0.18271663616784103
1437,0.18271663737997296
1438,0.18271663931738713
1439,0.18271664008406793
1440,0.18271663984415976
1441,0.1827166405122292
1442,0.18271664062473955
1443,0.1827166445847508
1444,0.1827166445804755
1445,0.18271664457285797
1446,0.18271664654930525
1447,0.18271664850337238
1448,0.1827166472069548
1449,0.1827166502914573
1450,0.1827166513169828
1451,0.18271665130752432
1452,0.1827166513029159
1453,0.18271665130128362
1454,0.1827166519169049
1455,0.1827166541770328
1456,0.18271665463433032
1457,0.18271665468062315
1458,0.18271665817254074
1459,0.18271666002215808
1460,0.18271666003711742
1461,0.18271666132971098
1462,0.182716661384575
1463,0.18271666144590704
1464,0.18271666248828716
1465,0.18271666343349408
1466,0.1827166642952562
1467,0.1827166648199453
1468,0.18271666548682272
1469,0.18271666816448
1470,0.18271667145091228
1471,0.18271667358554045
1472,0.18271667449954485
1473,0.18271667478482484
1474,0.18271667525868485
1475,0.1827166760693634
1476,0.18271667604473718
1477,0.1827166770964698
1478,0.18271667728774427
1479,0.18271668107069736
1480,0.18271668206162234
1481,0.18271668210754255
1482,0.18271668230428237
1483,0.1827166830694888
1484,0.18271668325650475
1485,0.18271668669496868
1486,0.18271668735227778
1487,0.18271668734569482
1488,0.18271668737282026
1489,0.18271668822889992
1490,0.18271669016303493
1491,0.18271669112512798
1492,0.18271669252423853
1493,0.182716692490476
1494,0.18271669246315433
1495,0.18271669246322583
1496,0.1827166944965977
1497,0.18271669450929445
1498,0.18271669450902175
1499,0.18271669777374686
1500,0.18271670107989288
1501,0.1827167024727751
1502,0.18271670325609352
1503,0.18271670439133036
1504,0.18271670440364507
1505,0.18271670530931872
1506,0.1827167053121816
1507,0.18271670651822278
1508,0.18271670650708033
1509,0.18271670650359303
1510,0.18271670807063656
1511,0.18271670988152078
1512,0.18271671155340846
1513,0.1827167111863865
1514,0.1827167121689305
1515,0.18271671349564939
1516,0.18271671346079768
1517,0.1827167156487092
1518,0.18271671560749078
1519,0.1827167159336138
1520,0.18271671606509254
1521,0.18271671648869506
1522,0.18271671824544802
1523,0.18271671881126175
1524,0.182716720838077
1525,0.18271672077861983
1526,0.18271672171736528
1527,0.18271672175457165
1528,0.18271672365110325
1529,0.1827167248308382
1530,0.18271672443155793
1531,0.18271672451112578
1532,0.18271672623875143
1533,0.18271672855041712
1534,0.1827167285325306
1535,0.18271673162507018
1536,0.18271673156024967
1537,0.18271673220117893
1538,0.18271673209217285
1539,0.18271673315298154
1540,0.1827167338711504
1541,0.18271673568067054
1542,0.1827167354880729
1543,0.1827167390810143
1544,0.18271673947402098
1545,0.1827167394767042
1546,0.1827167420760475
1547,0.18271674209673738
1548,0.18271674410908528
1549,0.18271674491959025
1550,0.18271674508631092
1551,0.18271674490352718
1552,0.18271674493887072
1553,0.18271674496135884
1554,0.1827167481403755
1555,0.18271674822805928
1556,0.18271674823958983
1557,0.1827167503850928
1558,0.18271675045694258
1559,0.18271675089074899
1560,0.18271675571037332
1561,0.18271675574016527
1562,0.18271675583694127
1563,0.18271675580614907
1564,0.18271675567450937
1565,0.18271675779811816
1566,0.18271675838398058
1567,0.182716758395602
1568,0.18271675935679893
1569,0.182716759355573
1570,0.18271675940395998
1571,0.18271676107362722
1572,0.18271676107631216
1573,0.18271676108567517
1574,0.18271676191940847
1575,0.18271676522391822
1576,0.1827167650053112
1577,0.1827167682284624
1578,0.18271676833441866
1579,0.182716768443436
1580,0.182716768447135
1581,0.18271677153316565
1582,0.18271677187899724
1583,0.18271677229303032
1584,0.18271677357592306
1585,0.1827167741105477
1586,0.18271677581501716
1587,0.18271677640882591
1588,0.1827167773700713
1589,0.18271677738725633
1590,0.1827167786932854
1591,0.18271677919859083
1592,0.18271678163360297
1593,0.1827167814898778
1594,0.1827167815627029
1595,0.18271678253922904
1596,0.18271678425230967
1597,0.18271678430703675
1598,0.18271678808375394
1599,0.18271678823163026
1600,0.18271678790832624
1601,0.18271678778280087
1602,0.1827167877742695
1603,0.18271679003420285
1604,0.1827167900732453
1605,0.18271679083336786
1606,0.18271679135484864
1607,0.182716792698915
1608,0.18271679289937032
1609,0.1827167941482846
1610,0.18271679412842906
1611,0.18271679523475287
1612,0.18271679766769658
1613,0.1827167981964546
1614,0.18271679773214652
1615,0.18271679771665136
1616,0.18271679769433438
1617,0.18271679770622765
1618,0.18271679978659808
1619,0.18271679986613162
1620,0.18271680115651948
1621,0.1827168016924364
1622,0.182716802052588
1623,0.18271680399719814
1624,0.18271680602656168
1625,0.18271680604526666
1626,0.1827168061856013
1627,0.18271680654437686
1628,0.18271680727126843
1629,0.18271680823271932
1630,0.18271680894025225
1631,0.18271680959046144
1632,0.18271680938254675
1633,0.18271680964880327
1634,0.18271681228877046
1635,0.18271681240036292
1636,0.18271681285826952
1637,0.18271681285459287
1638,0.1827168128443354
1639,0.18271681426239367
1640,0.1827168142392298
1641,0.18271681495252237
1642,0.18271681617889401
1643,0.18271681694329872
1644,0.18271681921455343
1645,0.18271682031561692
1646,0.18271682067495482
1647,0.1827168215094057
1648,0.18271682258681485
1649,0.1827168230294857
1650,0.1827168236632917
1651,0.18271682378078363
1652,0.18271682374434817
1653,0.18271682406837858
1654,0.18271682407873943
1655,0.18271682514029552
1656,0.18271682557048624
1657,0.18271682569987455
1658,0.18271682692108177
1659,0.18271682730847041
1660,0.1827168282922399
1661,0.18271682968984987
1662,0.18271682988534277
1663,0.18271682999971495
1664,0.1827168301903821
1665,0.18271683018324258
1666,0.18271683051396026
1667,0.18271683195481667
1668,0.18271683283175044
1669,0.18271683284635643
1670,0.18271683442840747
1671,0.18271683523369908
1672,0.1827168367078695
1673,0.18271683671169647
1674,0.1827168367167466
1675,0.18271683669293692
1676,0.1827168366662415
1677,0.18271683679853798
1678,0.1827168389346344
1679,0.1827168403523239
1680,0.18271684098585558
1681,0.18271684077419462
1682,0.18271684270978092
1683,0.18271684341502634
1684,0.1827168435377325
1685,0.18271684361966356
1686,0.18271684409077057
1687,0.18271684605524965
1688,0.18271684607332675
1689,0.18271684609208835
1690,0.18271684615500225
1691,0.1827168463821452
1692,0.18271684754544198
1693,0.18271684796445845
1694,0.18271684850709702
1695,0.18271684851294787
1696,0.18271684850832573
1697,0.1827168484997482
1698,0.18271684858026685
1699,0.1827168488506134
1700,0.1827168503140349
1701,0.18271685031350676
1702,0.182716851635073
1703,0.1827168520593155
1704,0.1827168535381445
1705,0.18271685406619534
1706,0.18271685414642552
1707,0.1827168541446517
1708,0.182716854739376
1709,0.18271685610666935
1710,0.18271685649422034
1711,0.18271685699247625
1712,0.18271685718085104
1713,0.1827168583231855
1714,0.18271685843471117
1715,0.1827168588278955
1716,0.18271685953173897
1717,0.1827168595529566
1718,0.18271685954304526
1719,0.18271685952171204
1720,0.18271685973515076
1721,0.18271686050033947
1722,0.18271686243123367
1723,0.18271686244337149
1724,0.18271686228880665
1725,0.18271686236523987
1726,0.18271686236114815
1727,0.1827168635147715
1728,0.18271686355354538
1729,0.18271686379247531
1730,0.18271686414191413
1731,0.1827168641458819
1732,0.18271686454034966
1733,0.18271686510088944
1734,0.18271686510356
1735,0.18271686576669102
1736,0.1827168658357797
1737,0.18271686597419728
1738,0.18271686689763603
1739,0.18271686690294459
1740,0.18271686694178121
1741,0.18271686702513582
1742,0.18271686756582983
1743,0.18271686780968208
1744,0.1827168689638427
1745,0.18271686896496836
1746,0.18271686954243022
1747,0.18271686954594762
1748,0.18271686977579923
1749,0.18271687006272136
1750,0.1827168705694178
1751,0.18271687063078296
1752,0.18271687066612313
1753,0.18271687119475355
1754,0.18271687185417604
1755,0.18271687192861652
1756,0.1827168719784663
1757,0.18271687213312307
1758,0.18271687238076006
1759,0.18271687246147544
1760,0.18271687248379181
1761,0.18271687293861502
1762,0.18271687302703674
1763,0.1827168731928426
1764,0.18271687329010228
1765,0.18271687334433656
1766,0.18271687348162038
1767,0.1827168734774957
1768,0.1827168734858043
1769,0.1827168738555353
1770,0.18271687409186477
1771,0.18271687428779113
1772,0.1827168743386036
1773,0.1827168747177515
1774,0.18271687511437962
1775,0.18271687571352813
1776,0.18271687579836104
1777,0.18271687578772658
1778,0.182716875790173
1779,0.18271687578519363
1780,0.18271687624803085
1781,0.18271687625847144
1782,0.18271687668361877
1783,0.18271687668544237
1784,0.18271687670355974
1785,0.18271687671909848
1786,0.18271687678699355
1787,0.18271687678878556
1788,0.18271687685426805
1789,0.18271687695764124
1790,0.18271687697473227
1791,0.18271687708247275
1792,0.1827168770828965
1793,0.1827168770820002
1794,0.18271687709368742
1795,0.18271687709402623
1796,0.1827168770971332
1797,0.18271687709716627
1798,0.1827168770972163
1799,0.18271687709724277
1800,0.1827168770973282
1801,0.1829923836454804
1802,0.18299238364532705
1803,0.18299238364574014
1804,0.18299238364617804
1805,0.18299238364669462
1806,0.18299238364754497
1807,0.18299238364933312
1808,0.18299238371836998
1809,0.18299238425940012
1810,0.1829923846074749
1811,0.1829923855079413
1812,0.18299238585249067
1813,0.18299238483368907
1814,0.18299238482373065
1815,0.18299238480158317
1816,0.1829923847777876
1817,0.18299238471819998
1818,0.1829923845570795
1819,0.182992383767377
1820,0.18299238377079557
1821,0.18299238408562438
1822,0.18299238497780115
1823,0.18299238596218562
1824,0.18299238605541485
1825,0.18299238606929455
1826,0.1829923860318818
1827,0.18299238493066877
1828,0.18299238489818015
1829,0.18299238608071405
1830,0.18299238510938598
1831,0.18299238396200393
1832,0.18299238450217312
1833,0.1829923847344814
1834,0.18299238500823234
1835,0.1829923860427805
1836,0.18299238610559068
1837,0.1829923861777524
1838,0.18299238647393842
1839,0.1829923866388557
1840,0.18299238497729506
1841,0.18299238516896593
1842,0.18299238510399535
1843,0.18299238593728492
1844,0.18299238467276482
1845,0.18299238456483813
1846,0.18299238467970294
1847,0.1829923848709553
1848,0.18299238502980844
1849,0.18299238491636322
1850,0.1829923847519191
1851,0.18299238466225393
1852,0.18299238469719326
1853,0.18299238537260243
1854,0.18299238535063736
1855,0.18299238508197785
1856,0.1829923858936227
1857,0.18299238638338178
1858,0.18299238640521168
1859,0.18299238639102475
1860,0.18299238527519993
1861,0.18299238552741232
1862,0.18299238468343546
1863,0.18299238509088034
1864,0.18299238528440295
1865,0.18299238468921264
1866,0.18299238469137263
1867,0.18299238458725897
1868,0.1829923845068417
1869,0.1829923846569159
1870,0.18299238559418904
1871,0.18299238562500236
1872,0.18299238526536807
1873,0.18299238491112138
1874,0.1829923876604093
1875,0.1829923884828315
1876,0.1829923878531643
1877,0.18299238784373584
1878,0.18299238714600205
1879,0.18299238710879576
1880,0.18299238721693667
1881,0.18299238429667336
1882,0.18299238464348208
1883,0.18299238576182872
1884,0.18299238539925639
1885,0.18299238674222723
1886,0.1829923867185386
1887,0.1829923848051489
1888,0.18299238480488836
1889,0.18299238479777774
1890,0.18299238459243233
1891,0.18299238452444497
1892,0.1829923849953624
1893,0.18299238489898872
1894,0.18299238529753398
1895,0.18299238537314352
1896,0.1829923851089133
1897,0.18299238529237727
1898,0.1829923852732494
1899,0.18299238530094747
1900,0.18299238453590322
1901,0.18299238442853769
1902,0.1829923843854678
1903,0.18299238465027617
1904,0.1829923855440062
1905,0.1829923874483237
1906,0.18299238733611065
1907,0.18299238479448282
1908,0.18299238408794058
1909,0.18299238408924215
1910,0.18299238386344055
1911,0.18299238442569338
1912,0.18299238467595003
1913,0.1829923851890834
1914,0.18299238529175932
1915,0.18299238503220597
1916,0.18299238415337615
1917,0.18299238420383682
1918,0.18299238477494653
1919,0.18299238501309187
1920,0.18299238502156445
1921,0.1829923849232236
1922,0.18299238671972698
1923,0.182992384077181
1924,0.18299238429882175
1925,0.1829923846407518
1926,0.18299238467173548
1927,0.18299238564561068
1928,0.1829923856942391
1929,0.1829923858252318
1930,0.1829923845161763
1931,0.1829923844423215
1932,0.1829923843880158
1933,0.1829923849512366
1934,0.1829923846221392
1935,0.18299238421439556
1936,0.18299238467184104
1937,0.18299238479109942
1938,0.1829923845846099
1939,0.18299238452280348
1940,0.18299238442585825
1941,0.1829923846418351
1942,0.18299238473691765
1943,0.1829923848766767
1944,0.18299238517446684
1945,0.18299238439735438
1946,0.18299238498913567
1947,0.182992385114814
1948,0.18299238620594194
1949,0.18299238580084948
1950,0.18299238576822172
1951,0.18299238558894906
1952,0.18299238555403882
1953,0.18299238501542486
1954,0.18299238483824384
1955,0.182992386228254
1956,0.1829923854937314
1957,0.18299238524459663
1958,0.1829923852413097
1959,0.18299238480130167
1960,0.18299238439378837
1961,0.18299238438544027
1962,0.18299238446955338
1963,0.18299238459073336
1964,0.1829923844050122
1965,0.1829923850365149
1966,0.18299238535128873
1967,0.18299238553716496
1968,0.1829923851183214
1969,0.18299238511561564
1970,0.18299238506599425
1971,0.18299238410941304
1972,0.18299238411105456
1973,0.18299238411393345
1974,0.182992384036107
1975,0.1829923842028172
1976,0.18299238425051356
1977,0.1829923844270073
1978,0.1829923847280587
1979,0.1829923846787365
1980,0.18299238468004614
1981,0.18299238471075474
1982,0.18299238409086693
1983,0.18299238406939966
1984,0.18299238407328644
1985,0.18299238409689944
1986,0.182992384195214
1987,0.18299238431836376
1988,0.18299238465384524
1989,0.18299238535609316
1990,0.18299238535838813
1991,0.1829923853578585
1992,0.18299238528001832
1993,0.18299238549449798
1994,0.18299238475242924
1995,0.182992384212102
1996,0.18299238420552422
1997,0.18299238448792754
1998,0.1829923848576166
1999,0.18299238500520335
2000,0.18299238508346682
2001,0.18299238521605646
2002,0.18299238521750044
2003,0.18299238539030185
2004,0.18299238567048423
2005,0.18299238434966908
2006,0.18299238452374353
2007,0.1829923849232393
2008,0.18299238573988122
2009,0.1829923852272815
2010,0.18299238523394787
2011,0.18299238522986452
2012,0.18299238522019953
2013,0.18299238521922276
2014,0.1829923841041138
2015,0.182992384085281
2016,0.18299238411546329
2017,0.18299238442605717
2018,0.18299238462289727
2019,0.1829923843321313
2020,0.1829923844267893
2021,0.1829923844242049
2022,0.18299238442947396
2023,0.18299238443068772
2024,0.18299238443327398
2025,0.18299238413736563
2026,0.1829923841626726
2027,0.18299238438866838
2028,0.1829923846422683
2029,0.18299238507829388
2030,0.18299238468746218
2031,0.18299238454783012
2032,0.18299238349952082
2033,0.1829923834428516
2034,0.1829923834030585
2035,0.1829923834045206
2036,0.18299238325155145
2037,0.18299238357361539
2038,0.18299238352824948
2039,0.18299238448034807
2040,0.18299238478269458
2041,0.1829923842872623
2042,0.1829923842570904
2043,0.1829923842213637
2044,0.18299238395946255
2045,0.18299238387882724
2046,0.18299238377353982
2047,0.1829923831550736
2048,0.18299238325742592
2049,0.1829923833279369
2050,0.18299238332400847
2051,0.18299238300523477
2052,0.18299238319836192
2053,0.18299238318817537
2054,0.18299238333174236
2055,0.18299238343081428
2056,0.1829923835125808
2057,0.18299238342326601
2058,0.18299238359274236
2059,0.18299238320688851
2060,0.1829923831793616
2061,0.18299238316460553
2062,0.18299238346973007
2063,0.1829923835842072
2064,0.18299238373461588
2065,0.18299238364220374
2066,0.1829923835318143
2067,0.18299238357735623
2068,0.18299238341682536
2069,0.18299238349575614
2070,0.18299238348444627
2071,0.18299238341094692
2072,0.1829923833771722
2073,0.1829923832696991
2074,0.18299238326091258
2075,0.18299238304985274
2076,0.1829923831018638
2077,0.18299238316810068
2078,0.1829923834381214
2079,0.1829923837092574
2080,0.18299238386662853
2081,0.18299238387803082
2082,0.18299238387726663
2083,0.182992383879954
2084,0.1829923839429653
2085,0.18299238398305584
2086,0.18299238375575574
2087,0.18299238316902497
2088,0.18299238320199973
2089,0.18299238359894573
2090,0.182992383555728
2091,0.18299238355744488
2092,0.18299238355421518
2093,0.18299238355646757
2094,0.18299238355868905
2095,0.18299238339177099
2096,0.18299238379860278
2097,0.182992383321014
2098,0.18299238338689613
2099,0.18299238324850034
2100,0.1829923832514445
2101,0.18299238410736893
2102,0.18299238412513563
2103,0.18299238409041774
2104,0.18299238401041537
2105,0.18299238387896238
2106,0.18299238384731412
2107,0.18299238374976637
2108,0.1829923833878576
2109,0.1829923832790452
2110,0.18299238328799383
2111,0.18299238331817738
2112,0.18299238340031157
2113,0.18299238364038198
2114,0.18299238369591475
2115,0.18299238369783108
2116,0.18299238370032514
2117,0.182992383686232
2118,0.1829923836441625
2119,0.1829923834090273
2120,0.18299238407224433
2121,0.18299238435261722
2122,0.18299238323157005
2123,0.18299238322123124
2124,0.18299238363976714
2125,0.18299238378761779
2126,0.18299238378285038
2127,0.18299238384569277
2128,0.1829923838379613
2129,0.18299238373346355
2130,0.18299238311510915
2131,0.18299238335280155
2132,0.1829923836423007
2133,0.18299238363632894
2134,0.18299238362988612
2135,0.1829923835613501
2136,0.18299238353401487
2137,0.18299238354196398
2138,0.18299238346658747
2139,0.18299238360133216
2140,0.18299238316266578
2141,0.18299238303170653
2142,0.18299238305354726
2143,0.1829923830793061
2144,0.18299238308023164
2145,0.18299238316750766
2146,0.18299238315801417
2147,0.18299238315109748
2148,0.18299238314605756
2149,0.18299238316944252
2150,0.18299238316561323
2151,0.18299238334846196
2152,0.18299238329584086
2153,0.18299238326733455
2154,0.1829923834197581
2155,0.18299238341869
2156,0.1829923832038737
2157,0.18299238318587707
2158,0.18299238318799868
2159,0.1829923831741225
2160,0.18299238339124307
2161,0.1829923833646947
2162,0.18299238331454612
2163,0.18299238301703916
2164,0.18299238311687183
2165,0.18299238315701355
2166,0.18299238315724678
2167,0.18299238314383526
2168,0.18299238314795294
2169,0.18299238314551983
2170,0.1829923831471499
2171,0.18299238321214642
2172,0.182992383207425
2173,0.18299238324282804
2174,0.18299238304981605
2175,0.18299238328068598
2176,0.18299238349161692
2177,0.1829923834930569
2178,0.1829923834156314
2179,0.1829923835995882
2180,0.18299238363959835
2181,0.18299238363882248
2182,0.18299238363789258
2183,0.18299238376712623
2184,0.1829923832030036
2185,0.1829923830997013
2186,0.182992383118126
2187,0.1829923831563074
2188,0.182992383154954
2189,0.18299238317075583
2190,0.18299238350995825
2191,0.1829923835098051
2192,0.18299238351271158
2193,0.1829923835135961
2194,0.18299238352909275
2195,0.18299238352651087
2196,0.1829923834089177
2197,0.18299238313580718
2198,0.18299238314769364
2199,0.1829923831832605
2200,0.1829923836377233
2201,0.18299238363713488
2202,0.18299238363487097
2203,0.18299238363036105
2204,0.18299238362706666
2205,0.18299238360636927
2206,0.1829923833965287
2207,0.18299238316732225
2208,0.18299238334636245
2209,0.18299238336745732
2210,0.18299238333085674
2211,0.18299238377566715
2212,0.1829923837216345
2213,0.1829923836867816
2214,0.18299238385450178
2215,0.18299238375877036
2216,0.1829923837563882
2217,0.18299238314298938
2218,0.182992383310047
2219,0.18299238347520866
2220,0.1829923833911535
2221,0.18299238345757204
2222,0.18299238348638502
2223,0.18299238348780375
2224,0.18299238351529207
2225,0.18299238326139744
2226,0.1829923832550218
2227,0.18299238316692168
2228,0.18299238329508224
2229,0.18299238330136844
2230,0.18299238331150536
2231,0.18299238333722898
2232,0.18299238334340018
2233,0.1829923834540826
2234,0.18299238350967345
2235,0.18299238368624463
2236,0.182992383893355
2237,0.18299238393632514
2238,0.18299238366642942
2239,0.1829923831473498
2240,0.18299238314184998
2241,0.18299238314683927
2242,0.18299238329646858
2243,0.18299238331685097
2244,0.1829923833107582
2245,0.18299238330336093
2246,0.1829923834806093
2247,0.1829923834771924
2248,0.18299238353573996
2249,0.18299238334594056
2250,0.18299238326557074
2251,0.18299238329422998
2252,0.18299238324116993
2253,0.18299238333887086
2254,0.18299238327426318
2255,0.18299238327896022
2256,0.1829923833106467
2257,0.18299238331575546
2258,0.18299238384293273
2259,0.18299238380003563
2260,0.1829923832865566
2261,0.1829923831940141
2262,0.18299238318110117
2263,0.18299238314778515
2264,0.18299238330666565
2265,0.18299238329741518
2266,0.18299238331808118
2267,0.18299238340228996
2268,0.18299238343778326
2269,0.18299238333116571
2270,0.1829923833519498
2271,0.18299238352757874
2272,0.1829923836108534
2273,0.18299238369656837
2274,0.1829923834800887
2275,0.18299238327761008
2276,0.18299238323064626
2277,0.18299238327424264
2278,0.1829923834017846
2279,0.18299238339286172
2280,0.1829923833312632
2281,0.1829923833324119
2282,0.1829923833142663
2283,0.18299238334812917
2284,0.1829923833393515
2285,0.18299238330811246
2286,0.18299238327367626
2287,0.1829923833247869
2288,0.1829923834163046
2289,0.1829923834317996
2290,0.1829923834311767
2291,0.18299238335221932
2292,0.18299238335305293
2293,0.18299238334820206
2294,0.18299238341288207
2295,0.1829923833532488
2296,0.1829923834746666
2297,0.18299238325099745
2298,0.18299238322519829
2299,0.18299238322958494
2300,0.18299238322865433
2301,0.18299238324023412
2302,0.18299238327179887
2303,0.18299238327261086
2304,0.18299238329364761
2305,0.18299238323377456
2306,0.18299238328320794
2307,0.18299238329746528
2308,0.18299238320882402
2309,0.1829923832857244
2310,0.18299238328465725
2311,0.18299238329126127
2312,0.182992383281601
2313,0.1829923832980714
2314,0.1829923833143223
2315,0.18299238333299855
2316,0.1829923832836407
2317,0.1829923832990949
2318,0.18299238348097813
2319,0.1829923835836247
2320,0.1829923833156858
2321,0.18299238322724118
2322,0.18299238322769443
2323,0.18299238323446687
2324,0.18299238329950013
2325,0.1829923832993539
2326,0.182992383300664
2327,0.18299238325120784
2328,0.1829923832487316
2329,0.18299238335295673
2330,0.18299238350347877
2331,0.18299238333380635
2332,0.18299238333701637
2333,0.18299238337385298
2334,0.1829923834595784
2335,0.18299238342568294
2336,0.182992383413861
2337,0.18299238337378101
2338,0.182992383286646
2339,0.18299238333768097
2340,0.18299238329982914
2341,0.1829923834076765
2342,0.1829923834198198
2343,0.18299238344339336
2344,0.1829923835097981
2345,0.1829923834759379
2346,0.18299238347640603
2347,0.18299238349218047
2348,0.1829923834313872
2349,0.18299238334881537
2350,0.1829923832743925
2351,0.1829923833764677
2352,0.1829923833107709
2353,0.18299238331312637
2354,0.1829923832725683
2355,0.18299238356810904
2356,0.1829923831935734
2357,0.18299238319460753
2358,0.18299238320383124
2359,0.18299238319652
2360,0.18299238319634165
2361,0.18299238326769451
2362,0.18299238327737913
2363,0.18299238327290307
2364,0.18299238327173967
2365,0.1829923833414065
2366,0.1829923833659326
2367,0.18299238340067112
2368,0.1829923833956256
2369,0.18299238328641498
2370,0.18299238323255926
2371,0.18299238326006775
2372,0.18299238329481707
2373,0.1829923832670137
2374,0.1829923833479661
2375,0.18299238334716547
2376,0.1829923833933654
2377,0.18299238339357424
2378,0.18299238342376595
2379,0.18299238339377166
2380,0.18299238340809257
2381,0.18299238340076432
2382,0.18299238341781357
2383,0.18299238337138451
2384,0.18299238337213714
2385,0.18299238336310059
2386,0.18299238336326484
2387,0.1829923833439304
2388,0.18299238338723664
2389,0.1829923834025678
2390,0.1829923833978842
2391,0.18299238334149887
2392,0.18299238333176016
2393,0.1829923833207476
2394,0.18299238325718686
2395,0.182992383274373
2396,0.18299238325284975
2397,0.18299238326336353
2398,0.18299238326941072
2399,0.1829923832802187
2400,0.18299238326817222
2401,0.1829923832780289
2402,0.18299238337041282
2403,0.1829923833708204
2404,0.18299238346790414
2405,0.1829923835145563
2406,0.18299238350686733
2407,0.18299238325298978
2408,0.1829923832494101
2409,0.18299238326622624
2410,0.18299238327504097
2411,0.18299238327598405
2412,0.1829923832931364
2413,0.18299238329144646
2414,0.18299238333340723
2415,0.18299238339717808
2416,0.18299238339721766
2417,0.18299238345153748
2418,0.18299238335008738
2419,0.18299238328049422
2420,0.1829923832755751
2421,0.18299238328485543
2422,0.18299238335030962
2423,0.1829923833696513
2424,0.18299238336812626
2425,0.18299238336726517
2426,0.18299238330110443
2427,0.18299238330776102
2428,0.182992383372607
2429,0.18299238341309015
2430,0.1829923833247835
2431,0.18299238332175105
2432,0.18299238331256923
2433,0.18299238333276113
2434,0.18299238334950083
2435,0.18299238334940265
2436,0.18299238335310156
2437,0.18299238343499197
2438,0.18299238344285804
2439,0.18299238355035913
2440,0.18299238331835027
2441,0.18299238332078097
2442,0.18299238331985423
2443,0.18299238329919806
2444,0.18299238332860404
2445,0.18299238331101167
2446,0.1829923833106242
2447,0.18299238330985948
2448,0.1829923833106922
2449,0.18299238346303448
2450,0.1829923832903787
2451,0.18299238333019888
2452,0.18299238333283652
2453,0.18299238333092854
2454,0.18299238333145268
2455,0.1829923833405897
2456,0.18299238334938853
2457,0.1829923833505849
2458,0.18299238336258367
2459,0.18299238336279489
2460,0.18299238335151244
2461,0.1829923833210129
2462,0.18299238330184622
2463,0.1829923833214223
2464,0.18299238332340445
2465,0.18299238332212545
2466,0.1829923833253104
2467,0.18299238332552153
2468,0.18299238332609508
2469,0.18299238333244672
2470,0.18299238332238585
2471,0.1829923833377356
2472,0.1829923833260528
2473,0.18299238332995602
2474,0.1829923833125372
2475,0.1829923833047345
2476,0.18299238330508782
2477,0.18299238330788475
2478,0.18299238338667975
2479,0.18299238338578655
2480,0.18299238341810758
2481,0.18299238330731374
2482,0.18299238328787998
2483,0.18299238328177075
2484,0.1829923832846295
2485,0.18299238328718112
2486,0.18299238328753878
2487,0.18299238332293893
2488,0.18299238332286905
2489,0.18299238331781503
2490,0.1829923833179076
2491,0.1829923833400162
2492,0.18299238336463805
2493,0.18299238330862286
2494,0.1829923833481166
2495,0.18299238333164983
2496,0.1829923833281755
2497,0.18299238332704168
2498,0.1829923833344993
2499,0.18299238333035275
2500,0.18299238331770223
2501,0.18299238331860873
2502,0.1829923833641285
2503,0.1829923833072511
2504,0.18299238329789472
2505,0.18299238330274165
2506,0.18299238331097328
2507,0.18299238331309153
2508,0.1829923833424775
2509,0.18299238333298284
2510,0.18299238333306217
2511,0.182992383332928
2512,0.18299238334910936
2513,0.18299238331214712
2514,0.18299238331202022
2515,0.1829923832940396
2516,0.18299238329618184
2517,0.18299238331534998
2518,0.18299238331854858
2519,0.1829923833410658
2520,0.1829923833482701
2521,0.18299238338357404
2522,0.18299238338746945
2523,0.1829923833851505
2524,0.18299238334944373
2525,0.18299238334949208
2526,0.18299238331284728
2527,0.18299238334435447
2528,0.18299238334821438
2529,0.18299238335036086
2530,0.18299238331098988
2531,0.18299238331045048
2532,0.18299238333336615
2533,0.18299238333658222
2534,0.1829923833361602
2535,0.18299238333452422
2536,0.182992383395295
2537,0.18299238339311594
2538,0.18299238331001758
2539,0.1829923833216891
2540,0.18299238332174395
2541,0.18299238331961906
2542,0.1829923833258755
2543,0.18299238332597384
2544,0.1829923833187458
2545,0.18299238331706957
2546,0.18299238332645654
2547,0.1829923833431534
2548,0.1829923833432293
2549,0.18299238334502532
2550,0.18299238332294385
2551,0.18299238332154028
2552,0.18299238333433013
2553,0.18299238334208584
2554,0.18299238334025877
2555,0.1829923833281945
2556,0.18299238332973353
2557,0.18299238332404424
2558,0.18299238334190304
2559,0.18299238334550008
2560,0.18299238334802118
2561,0.18299238334244514
2562,0.1829923833433749
2563,0.1829923833458193
2564,0.18299238332389234
2565,0.18299238332377288
2566,0.18299238332074536
2567,0.18299238332747422
2568,0.1829923833279055
2569,0.18299238333187257
2570,0.18299238333184523
2571,0.1829923833357645
2572,0.18299238333610732
2573,0.18299238333216572
2574,0.18299238333267395
2575,0.18299238333443876
2576,0.18299238333436288
2577,0.18299238333261508
2578,0.18299238333031764
2579,0.18299238334669013
2580,0.18299238336922014
2581,0.18299238336782006
2582,0.18299238336749274
2583,0.18299238338410725
2584,0.18299238338384427
2585,0.18299238336630086
2586,0.18299238332951812
2587,0.18299238332947898
2588,0.18299238332842574
2589,0.18299238333587994
2590,0.18299238334080573
2591,0.18299238334267234
2592,0.1829923833427544
2593,0.18299238334454737
2594,0.18299238334382903
2595,0.18299238334224652
2596,0.18299238334417106
2597,0.18299238334163867
2598,0.1829923833416394
2599,0.18299238334201232
2600,0.18299238334086182
2601,0.18299238333572773
2602,0.1829923833368483
2603,0.1829923833384101
2604,0.1829923833384953
2605,0.18299238333987897
2606,0.18299238334107087
2607,0.18299238335475385
2608,0.18299238333905812
2609,0.1829923833368559
2610,0.1829923833366948
2611,0.18299238333862095
2612,0.18299238334053472
2613,0.1829923833484408
2614,0.18299238335052959
2615,0.18299238335055554
2616,0.18299238335047296
2617,0.18299238335035925
2618,0.1829923833429046
2619,0.18299238334960855
2620,0.1829923833506775
2621,0.18299238334646248
2622,0.18299238334471907
2623,0.18299238334561696
2624,0.1829923833471592
2625,0.18299238334714304
2626,0.18299238334777904
2627,0.18299238334872994
2628,0.18299238334719556
2629,0.18299238334746265
2630,0.18299238335425821
2631,0.18299238335426068
2632,0.18299238335301674
2633,0.18299238335308043
2634,0.1829923833528826
2635,0.1829923833504372
2636,0.18299238335059315
2637,0.18299238334707343
2638,0.18299238334842338
2639,0.18299238335009904
2640,0.18299238335000145
2641,0.18299238335087253
2642,0.18299238335419094
2643,0.18299238335385506
2644,0.18299238335394516
2645,0.18299238334910872
2646,0.1829923833490504
2647,0.18299238334901718
2648,0.18299238334898246
2649,0.18299238334963266
2650,0.18299238335167767
2651,0.18299238335165122
2652,0.18299238335179302
2653,0.18299238335190252
2654,0.18299238335179968
2655,0.18299238335179574
2656,0.1829923833518021
2657,0.18299238335179005
2658,0.18299238335184648
2659,0.18299238335227072
2660,0.1829923833525907
2661,0.18299238335311485
2662,0.18299238335311338
2663,0.18299238335321555
2664,0.1829923833533215
2665,0.1829923833532383
2666,0.18299238335433066
2667,0.18299238335424567
2668,0.18299238335426055
2669,0.18299238335424953
2670,0.18299238335382154
2671,0.18299238335384757
2672,0.1829923833540425
2673,0.18299238335413784
2674,0.1829923833543757
2675,0.1829923833543719
2676,0.1829923833543668
2677,0.18299238335435797
2678,0.18299238335435997
2679,0.18299238335464527
2680,0.18299238335460963
2681,0.18299238335469373
2682,0.18299238335475546
2683,0.18299238335506504
2684,0.1829923833551891
2685,0.18299238335526816
2686,0.18299238335526788
2687,0.18299238335527718
2688,0.18299238335527793
2689,0.18299238335527793
2690,0.18299238335528437
2691,0.18299238335529502
2692,0.18299238335529946
2693,0.182992383355313
2694,0.18299238335531368
2695,0.18299265799508294
2696,0.1829926579950828
2697,0.18299265799508282
2698,0.18299265799508288
2699,0.18299265799508294
2700,0.18299265799508282
2701,0.18299265799508269
2702,0.18299265799508163
2703,0.18299265799508832
2704,0.18299265799509137
2705,0.1829926579950973
2706,0.1829926579950794
2707,0.182992657995082
2708,0.18299265799508196
2709,0.18299265799508188
2710,0.1829926579950831
2711,0.18299265799508366
2712,0.18299265799508402
2713,0.18299265799508396
2714,0.1829926579950839
